Taxon,Cluster
SAMEA3993949,1
SAMEA3995847,1
SAMEA4000266,1
SAMEA4000278,1
SAMEA4000277,1
SAMEA3993945,1
SAMEA3995851,1
SAMEA3993946,1
SAMEA3995861,1
SAMEA3982710,1
SAMEA4000264,1
SAMEA4000269,1
SAMEA4000279,1
SAMN06186787,1
SAMEA3993954,1
SAMEA4000271,1
SAMD00012632,1
SAMEA4000265,1
SAMEA3995849,1
SAMEA3995857,1
SAMN02603763,1
SAMEA4000267,1
SAMEA4000273,1
SAMEA3982711,1
SAMEA4000274,1
SAMN02603761,1
SAMEA3992714,1
SAMN02603995,1
SAMEA3995845,1
SAMEA3995859,1
SAMEA4000275,1
SAMEA3995860,1
SAMEA3993950,1
SAMEA3992711,1
SAMEA3992712,1
SAMEA4000263,1
SAMN02603762,1
SAMEA3995846,1
SAMEA3993953,1
SAMN06173312,1
SAMEA3995852,1
SAMD00061016,1
SAMEA3993951,1
SAMEA3993955,1
SAMN14820865,1
SAMEA3993956,1
SAMN08388633,1
SAMEA3995844,1
SAMEA3993947,1
SAMEA3995848,1
SAMEA3995862,1
SAMD00061017,1
SAMEA3995854,1
SAMEA3995858,1
SAMEA4000276,1
SAMD00061015,1
SAMEA3995850,1
SAMN02471468,1
SAMEA3995843,1
SAMN08388637,1
SAMN08388634,1
SAMN03268385,1
SAMN03268365,1
SAMEA4000268,1
SAMN08388635,1
SAMEA4000272,1
SAMEA3995853,1
SAMN06323874,2
SAMN13477394,2
SAMN06323876,2
SAMN06323862,2
SAMN06323878,2
SAMN06323875,2
SAMN06323871,2
SAMN06323841,2
SAMN06323844,2
SAMN06323858,2
SAMN06323860,2
SAMN06323877,2
SAMN06323847,2
SAMN06323852,2
SAMN06323857,2
SAMN06323839,2
SAMN06323872,2
SAMN13477395,2
SAMN06323843,2
SAMN06323866,2
SAMN02469942,2
SAMN06323840,2
SAMN06323861,2
SAMN06323864,2
SAMN06323849,2
SAMN06323873,2
SAMN13477393,2
SAMN06323851,2
SAMN06323845,2
SAMN06323856,2
SAMN06323870,2
SAMN06323853,2
SAMN06323859,2
SAMN06323865,2
SAMN06323842,2
SAMN06323848,2
SAMN06323869,2
SAMN06323850,2
SAMN06323863,2
SAMN06323854,2
SAMN06323855,2
SAMN06323867,2
SAMN06323846,2
SAMN06323868,2
SAMN07822455,3
SAMN07822469,3
SAMN06216072,3
SAMN07822466,3
SAMN06216085,3
SAMN07822462,3
SAMN07822465,3
SAMN06216065,3
SAMN06216073,3
SAMN06216066,3
SAMN06216067,3
SAMN07822464,3
SAMN06216064,3
SAMN06216078,3
SAMN06216071,3
SAMN07822461,3
SAMN06216082,3
SAMN08055032,3
SAMN07822468,3
SAMN07822470,3
SAMN06216084,3
SAMN08055030,3
SAMN06216076,3
SAMN06216077,3
SAMN06216086,3
SAMN07822467,3
SAMN06216074,3
SAMN07822456,3
SAMN03450439,3
SAMN07822460,3
SAMN06216075,3
SAMN07822472,3
SAMN06216083,3
SAMN07822463,3
SAMEA2272698,3
SAMN06216070,3
SAMN10083778,3
SAMN07822459,3
SAMN07822457,3
SAMN07822471,3
SAMN07822458,3
SAMN06216087,3
SAMN10961636,4
SAMN10961634,4
SAMN10961632,4
SAMN10961635,4
SAMN10961644,4
SAMN10961633,4
SAMN10961645,4
SAMN10961641,4
SAMN10961643,4
SAMN10961648,4
SAMN10961642,4
SAMN10961649,4
SAMN10961646,4
SAMN10961639,4
SAMN10961631,4
SAMN10961629,4
SAMN10961647,4
SAMN10961630,4
SAMN10961637,4
SAMN10961640,4
SAMN10961638,4
SAMEA6786581,5
SAMEA6786564,5
SAMEA6786566,5
SAMN04530613,5
SAMEA6786568,5
SAMEA6786587,5
SAMEA6786586,5
SAMEA6786597,5
SAMEA6786578,5
SAMEA6786599,5
SAMEA6786585,5
SAMEA6786576,5
SAMEA6786579,5
SAMEA6786572,5
SAMEA6786573,5
SAMEA6786565,5
SAMEA6786604,5
SAMEA6786596,5
SAMEA6786570,5
SAMN02436780,6
SAMN02436781,6
SAMN02436779,6
SAMN02436918,6
SAMN02436845,6
SAMN02436922,6
SAMN02436849,6
SAMN02436694,6
SAMN02436702,6
SAMN02436782,6
SAMN02436693,6
SAMN02436778,6
SAMN02436791,6
SAMN02436703,6
SAMN02736902,7
SAMN02736897,7
SAMN02736817,7
SAMN02736895,7
SAMN02736907,7
SAMN02736906,7
SAMN02736905,7
SAMN02736910,7
SAMN02736908,7
SAMN02736909,7
SAMN02736891,7
SAMN02736903,7
SAMN02736904,7
SAMN14592743,8
SAMN02603204,8
SAMN14593074,8
SAMEA2240922,8
SAMN14589633,8
SAMN14593076,8
SAMN02603195,8
SAMN02604319,8
SAMN14589635,8
SAMN14593081,8
SAMN14593073,8
SAMN14593080,8
SAMN14592714,8
SAMEA103957791,9
SAMEA4554838,9
SAMEA4554832,9
SAMEA4554834,9
SAMEA33005668,9
SAMEA4554836,9
SAMEA4554840,9
SAMEA4554839,9
SAMEA4554841,9
SAMEA4554831,9
SAMEA4554837,9
SAMEA4554833,9
SAMEA4554835,9
SAMN03491053,10
SAMN06173313,10
SAMN06276721,10
SAMN06459236,10
SAMN02602990,10
SAMN14820864,10
SAMN03487572,10
SAMN06459527,10
SAMN13427747,10
SAMN03491054,10
SAMN06240245,10
SAMN02593663,11
SAMN02639404,11
SAMN02639409,11
SAMN02639414,11
SAMN02952975,11
SAMN02639406,11
SAMN02639416,11
SAMN02230044,11
SAMN02639413,11
SAMN02639407,11
SAMN02639408,11
SAMN04350627,12
SAMEA104484363,12
SAMN05711856,12
SAMEA104484364,12
SAMN05711857,12
SAMN13850677,12
SAMD00051589,12
SAMN04328852,12
SAMN03331743,12
SAMN04350644,12
SAMN04362855,12
SAMN00778882,13
SAMN00778918,13
SAMN01818776,13
SAMN00778878,13
SAMN00778860,13
SAMN00778920,13
SAMN00778913,13
SAMN00778919,13
SAMN00778921,13
SAMN00778905,13
SAMN02639415,14
SAMN02639411,14
SAMN02639412,14
SAMN02639403,14
SAMN02393727,14
SAMN02639410,14
SAMN02639405,14
SAMN02769481,15
SAMN03081493,15
SAMD00260482,15
SAMN02769480,15
SAMN03081494,15
SAMD00260481,15
SAMN03081491,15
SAMEA2272468,16
SAMEA2272051,16
SAMEA2272560,16
SAMEA2272457,16
SAMEA2272546,16
SAMEA2272632,16
SAMN17730139,17
SAMN02472263,17
SAMN17730144,17
SAMD00245226,17
SAMN17730145,17
SAMN17730135,17
SAMN06173311,18
SAMD00051588,18
SAMEA3178013,18
SAMN08275323,18
SAMN08275321,18
SAMN08275322,18
HEL_AA6029AA_AS,19
HEL_AA6052AA_AS,19
HEL_AA6092AA_AS,19
HEL_AA6051AA_AS,19
HEL_AA5994AA_AS,19
HEL_AA6028AA_AS,19
SAMN17730149,20
SAMN17730143,20
SAMN17730134,20
SAMN17730153,20
SAMN17730142,20
SAMN16970085,21
SAMN14206552,21
SAMN16970092,21
SAMN16970080,21
SAMN14206542,21
SAMN03081495,22
SAMN03081489,22
SAMN02769477,22
SAMN03081492,22
SAMN03081488,22
SAMN02436923,23
SAMN02436850,23
SAMN02436783,23
SAMN02436786,23
SAMN02436924,23
SAMEA2272717,24
SAMEA2272420,24
SAMEA2272093,24
SAMEA2272436,24
SAMEA2272431,24
SAMEA2271976,25
SAMEA3158462,25
SAMEA2272066,25
SAMEA2271979,25
SAMEA2271975,25
SAMD00255579,26
SAMD00255594,26
SAMD00255562,26
SAMD00255608,26
SAMD00255609,26
SAMD00255566,27
SAMD00255601,27
SAMN00777266,27
SAMD00012630,27
SAMD00255575,27
SAMD00042462,28
SAMD00042469,28
SAMD00042477,28
SAMD00012624,28
SAMD00042482,28
SAMN14206541,29
SAMN16970068,29
SAMN14206546,29
SAMN16970075,29
SAMN16970067,30
SAMN16970091,30
SAMN14206540,30
SAMN14206557,30
SAMN10334312,31
SAMN10334315,31
SAMN10338968,31
SAMN10334314,31
SAMN04158749,32
SAMN05954258,32
SAMN05954259,32
SAMN04159033,32
SAMN04076438,33
SAMN04087215,33
SAMN04087145,33
SAMN04076431,33
SAMN02470830,34
SAMN14820692,34
SAMN14820693,34
SAMN14820694,34
SAMEA6786603,35
SAMEA6786600,35
SAMEA6786595,35
SAMEA6786598,35
SAMD00255578,36
SAMD00255589,36
SAMN19664433,36
SAMD00255617,36
SAMD00051509,37
SAMD00042470,37
SAMD00051516,37
SAMD00042483,37
SAMD00019957,38
SAMD00051514,38
SAMD00060974,38
SAMD00019955,38
SAMN16970109,39
SAMN16970118,39
SAMN16970121,39
SAMN16970096,40
SAMN16970094,40
SAMN16970095,40
SAMN14930130,41
SAMN14930129,41
SAMN14930138,41
SAMN16970083,42
SAMN14206550,42
SAMN14206549,42
SAMN14206536,43
SAMN16970064,43
SAMN14206537,43
SAMN12783477,44
SAMN12783478,44
SAMN12783479,44
SAMN12783473,45
SAMN12783484,45
SAMN12783472,45
SAMN10715444,46
SAMN10715443,46
SAMN10715424,46
SAMN10715327,47
SAMN10715382,47
SAMN10715333,47
SAMN10411397,48
SAMN10411099,48
SAMN10411398,48
SAMN10335772,49
SAMN10338989,49
SAMN10335774,49
SAMN10053852,50
SAMN10053865,50
SAMN10053855,50
SAMN10053808,51
SAMN10053800,51
SAMN10053793,51
SAMN10053787,52
SAMN10053769,52
SAMN10053762,52
SAMN08981265,53
SAMN08981266,53
SAMN08981264,53
SAMN06329608,54
SAMN06329606,54
SAMN06329605,54
SAMN06329607,55
SAMN06329616,55
SAMN06329458,55
SAMN06329461,56
SAMN06329512,56
SAMN06329447,56
SAMN10881956,57
SAMN10881936,57
SAMN05569570,57
SAMN05410721,58
SAMN10419330,58
SAMN05410615,58
SAMN05408280,59
SAMN05408279,59
SAMN06187423,59
SAMN04588526,60
SAMN04588527,60
SAMN08381229,60
SAMN04046444,61
SAMN04076427,61
SAMN04076430,61
SAMN04158745,62
SAMN03774879,62
SAMN04158716,62
SAMN02864842,63
SAMN05410330,63
SAMN06187436,63
SAMN02769474,64
SAMN03081490,64
SAMN02769479,64
SAMN02603194,65
SAMN14593079,65
SAMN14593077,65
SAMN02376624,66
SAMN02376623,66
SAMN02736818,66
SAMN02230257,67
SAMN02641597,67
SAMN02230259,67
SAMN07540341,68
SAMN03774845,68
SAMN02214242,68
SAMN00778910,69
SAMN00778285,69
SAMN00778892,69
SAMN06250976,70
SAMEA2272392,70
SAMEA2272109,70
SAMD00255577,71
SAMD00255563,71
SAMD00255590,71
SAMD00051511,72
SAMD00042472,72
SAMD00042473,72
SAMD00042467,73
SAMD00051508,73
SAMD00042463,73
SAMD00019973,74
SAMD00019972,74
SAMD00019971,74
SAMD00019969,75
SAMD00019968,75
SAMD00019967,75
SAMD00019964,76
SAMD00019966,76
SAMD00019965,76
SAMD00019963,77
SAMD00019961,77
SAMD00019962,77
HEL_AA7324AA_AS,78
HEL_AA7323AA_AS,78
HEL_AA7263AA_AS,78
SAMN18350188,79
SAMN18350230,79
SAMN17730155,80
SAMN17730156,80
SAMN17730140,81
SAMN17730154,81
SAMN17730136,82
SAMN17730137,82
SAMN16970122,83
SAMN16970120,83
SAMN16970113,84
SAMN16970114,84
SAMN16970111,85
SAMN16970110,85
SAMN16970106,86
SAMN16970100,86
SAMN16970071,87
SAMN16970087,87
SAMN15869407,88
SAMN15869406,88
SAMN15869209,89
SAMN15869408,89
SAMN14930144,90
SAMN14930145,90
SAMN14930139,91
SAMN14930133,91
SAMN14593084,92
SAMN14593089,92
SAMN14206556,93
SAMN16970090,93
SAMN16970074,94
SAMN14206545,94
SAMN14206544,95
SAMN16970070,95
SAMN16970069,96
SAMN14206543,96
SAMN16970066,97
SAMN14206539,97
SAMN12783505,98
SAMN12783507,98
SAMN12783480,99
SAMN12783495,99
SAMN12011830,100
SAMN12011827,100
SAMN12011826,101
SAMN12011831,101
SAMN12011824,102
SAMN12011838,102
SAMN10881965,103
SAMN10881971,103
SAMN10881946,104
SAMN10881963,104
SAMN10881968,105
SAMN10881935,105
SAMN10715447,106
SAMN10715448,106
SAMN10715445,107
SAMN10715395,107
SAMN10345083,108
SAMN10339333,108
SAMN10341929,109
SAMN10339054,109
SAMN10335778,110
SAMN10340874,110
SAMN10335734,111
SAMN10335733,111
SAMN10335731,112
SAMN10335795,112
SAMN10339039,113
SAMN10335729,113
SAMN10334316,114
SAMN10335716,114
SAMN10053703,115
SAMN10053716,115
SAMN10053600,116
SAMN10053592,116
SAMN10053502,117
SAMN10053522,117
SAMN10053444,118
SAMN10053452,118
SAMN09935063,119
SAMN09935062,119
SAMN09935058,120
SAMN09935060,120
SAMN09935051,121
SAMN10881955,121
SAMN08981272,122
SAMN08981273,122
SAMN08981270,123
SAMN08981271,123
SAMN08866515,124
SAMN08866510,124
SAMN08866490,125
SAMN08866505,125
SAMN08381231,126
SAMN08381218,126
SAMN08093261,127
SAMN08093262,127
SAMN08093254,128
SAMN08093249,128
SAMN08866511,129
SAMN06504479,129
SAMN06504474,130
SAMN06504477,130
SAMN06329581,131
SAMN07540336,131
SAMN06329569,132
SAMN06329462,132
SAMN06329446,133
SAMN06329537,133
SAMN06329453,134
SAMN06329445,134
SAMN05806844,135
SAMN05806843,135
SAMN05804676,136
SAMN05804593,136
SAMN05771044,137
SAMN05791023,137
SAMN05804595,138
SAMN05771043,138
SAMN10881964,139
SAMN05569590,139
SAMN11483334,140
SAMN05569587,140
SAMN05569586,141
SAMN11483335,141
SAMN05569579,142
SAMN10881945,142
SAMN10881937,143
SAMN05569578,143
SAMN05569576,144
SAMN09935047,144
SAMN05569575,145
SAMN10881943,145
SAMN11483336,146
SAMN05569574,146
SAMN05569572,147
SAMN10881973,147
SAMN05569568,148
SAMN10881947,148
SAMN10881967,149
SAMN05569567,149
SAMN05569564,150
SAMN10881938,150
SAMN05569563,151
SAMN10881972,151
SAMN05569562,152
SAMN11483333,152
SAMN05569561,153
SAMN09935056,153
SAMN05569559,154
SAMN10881962,154
SAMN18350180,155
SAMN05410761,155
SAMN05410756,156
SAMN06187446,156
SAMN05410614,157
SAMN05410724,157
SAMN05410604,158
SAMN05410608,158
SAMN05410594,159
SAMN05410609,159
SAMN05410575,160
SAMN05410649,160
SAMN05410572,161
SAMN06187452,161
SAMN06187418,162
SAMN05410569,162
SAMN06187447,163
SAMN05410567,163
SAMN06187424,164
SAMN05410381,164
SAMN06187450,165
SAMN05410354,165
SAMN06187448,166
SAMN05410352,166
SAMN05410345,167
SAMN06187449,167
SAMN06187439,168
SAMN05410329,168
SAMN06187420,169
SAMN05408385,169
SAMN06187421,170
SAMN05408342,170
SAMN10419324,171
SAMN05408341,171
SAMN05408283,172
SAMN06187422,172
SAMN05408282,173
SAMN06187419,173
SAMN05408281,174
SAMN06187435,174
SAMN05408278,175
SAMN06187438,175
SAMN05408023,176
SAMN06187430,176
SAMN05408020,177
SAMN06187417,177
SAMN06187425,178
SAMN05408005,178
SAMN05407985,179
SAMN06187455,179
SAMN05407984,180
SAMN06187426,180
SAMN06187437,181
SAMN05407983,181
SAMN05407981,182
SAMN06187440,182
SAMN05407978,183
SAMN06187456,183
SAMN05407977,184
SAMN06187441,184
SAMN06187442,185
SAMN05407976,185
SAMN06187443,186
SAMN05407974,186
SAMN05407973,187
SAMN06187444,187
SAMN06187445,188
SAMN05407970,188
SAMN05407969,189
SAMN06187458,189
SAMN06187427,190
SAMN05407497,190
SAMN05405368,191
SAMN06187431,191
SAMN06187428,192
SAMN05404045,192
SAMN05399447,193
SAMN06187429,193
SAMN05395355,194
SAMN06187432,194
SAMN06187433,195
SAMN05394518,195
SAMN06187434,196
SAMN05393257,196
SAMN04588529,197
SAMN08381212,197
SAMN08381222,198
SAMN04588528,198
SAMN04530590,199
SAMN04530589,199
SAMN04159053,200
SAMN04159052,200
SAMN04158747,201
SAMN04158748,201
SAMN04076428,202
SAMN04076425,202
SAMN07540348,203
SAMN03777294,203
SAMN03777201,204
SAMN07540347,204
SAMN03777199,205
SAMN07540346,205
SAMN03776113,206
SAMN07540345,206
SAMN07540343,207
SAMN03776086,207
SAMN07540344,208
SAMN03776045,208
SAMN07540342,209
SAMN03774873,209
SAMN03151583,210
SAMN03153300,210
SAMN02736816,211
SAMN02736809,211
SAMN02724990,212
SAMN08381237,212
SAMN02709541,213
SAMN10919719,213
SAMN02709544,214
SAMN02709540,214
SAMN02709547,215
SAMN02709538,215
SAMN02709537,216
SAMN02709536,216
SAMN02709532,217
SAMN02709533,217
SAMN02709531,218
SAMN02709530,218
SAMN02709528,219
SAMN02709529,219
SAMN02709527,220
SAMN02709526,220
SAMN02709524,221
SAMN02709525,221
SAMN02709521,222
SAMN02709520,222
SAMN02709519,223
SAMN02709518,223
SAMN02709517,224
SAMN02709516,224
SAMN02709515,225
SAMN02709514,225
SAMN02709512,226
SAMN02709513,226
SAMN02709510,227
SAMN02709511,227
SAMN02709508,228
SAMN02709509,228
SAMN02709506,229
SAMN02709507,229
SAMN02709504,230
SAMN02709505,230
SAMN02709503,231
SAMN02709502,231
SAMN02709500,232
SAMN02709501,232
SAMN02471801,233
SAMN03765649,233
SAMN02436916,234
SAMN02436852,234
SAMN02436921,235
SAMN02436784,235
SAMN02436704,236
SAMN02436851,236
SAMN02436700,237
SAMN02436699,237
SAMN02230260,238
SAMN02604194,238
SAMN00997712,239
SAMN00997705,239
SAMN00778889,240
SAMN00778899,240
SAMN00778886,241
SAMN00778897,241
SAMN00778900,242
SAMN00778884,242
SAMN00778883,243
SAMN00778895,243
SAMN00778880,244
SAMN00778903,244
SAMN00778885,245
SAMN00778877,245
SAMN00778874,246
SAMN00778875,246
SAMN00778901,247
SAMN00778870,247
SAMEA6786589,248
SAMEA6786584,248
SAMEA6786606,249
SAMEA6786582,249
SAMEA6786577,250
SAMEA6786569,250
SAMEA6786567,251
SAMEA6786592,251
SAMN02436853,252
SAMEA5850934,252
SAMEA5850860,253
SAMN02299423,253
SAMEA3138961,254
SAMEA2272778,254
SAMEA2272726,255
SAMEA3138959,255
SAMEA2272595,256
SAMEA2272691,256
SAMEA2272671,257
SAMEA2272588,257
SAMEA2272529,258
SAMEA2272729,258
SAMEA2272484,259
SAMEA2272364,259
SAMEA2272687,260
SAMEA2272259,260
SAMEA2272600,261
SAMEA2272240,261
SAMEA2272170,262
SAMEA2272166,262
SAMEA2272151,263
SAMEA2272498,263
SAMEA2272061,264
SAMEA2272033,264
SAMEA2272517,265
SAMEA2272015,265
SAMEA2272059,266
SAMEA2271981,266
SAMEA2272102,267
SAMEA2271971,267
SAMEA2271951,268
SAMEA2272099,268
SAMEA2271940,269
SAMEA2272133,269
SAMEA2271927,270
SAMEA2272533,270
SAMN02603202,271
SAMEA2240934,271
SAMN02603203,272
SAMEA2240933,272
SAMEA2240921,273
SAMN02604237,273
SAMN00777116,274
SAMD00255596,274
SAMD00255598,275
SAMD00255582,275
SAMD00255556,276
SAMD00051517,276
SAMD00051515,277
SAMD00042480,277
SAMD00042474,278
SAMD00051512,278
SAMD00042471,279
SAMD00051510,279
SAMD00019960,280
SAMD00019959,280
SAMD00012636,281
SAMD00255570,281
SAMD00012635,282
SAMD00060971,282
SAMD00012629,283
SAMD00012634,283
SAMD00012620,284
SAMD00012628,284
SAMN14820866,285
HEL_AA7380AA_AS,285
HEL_AA7341AA_AS,286
HEL_AA7321AA_AS,286
HEL_AA7372AA_AS,287
HEL_AA7243AA_AS,287
HEL_AA7241AA_AS,288
HEL_AA7355AA_AS,288
SAMN02731781,289
HEL_AA7231AA_AS,289
HEL_AA5916AA_AS,290
HEL_AA6037AA_AS,290
SAMN19664476,291
SAMN19664464,292
SAMN19664435,293
SAMN19664431,294
SAMN19664424,295
SAMN19664375,296
SAMN19664326,297
SAMN19664322,298
SAMN19664317,299
SAMN19664309,300
SAMN19664307,301
SAMN19664297,302
SAMN19664254,303
SAMN18819935,304
SAMN18819934,305
SAMN18819933,306
SAMN18819932,307
SAMN18819931,308
SAMN18350271,309
SAMN18350270,310
SAMN18350231,311
SAMN18350190,312
SAMN18350156,313
SAMN18350106,314
SAMN17734764,315
SAMN17734763,316
SAMN17734762,317
SAMN17734761,318
SAMN17730152,319
SAMN17730151,320
SAMN17730150,321
SAMN17730148,322
SAMN17730147,323
SAMN17730146,324
SAMN17730141,325
SAMN17730138,326
SAMN17730133,327
SAMN16970125,328
SAMN16970124,329
SAMN16970123,330
SAMN16970119,331
SAMN16970117,332
SAMN16970116,333
SAMN16970115,334
SAMN16970112,335
SAMN16970108,336
SAMN16970105,337
SAMN16970104,338
SAMN16970102,339
SAMN16970097,340
SAMN16970077,341
SAMN16970072,342
SAMN16801852,343
SAMN16801851,344
SAMN16801850,345
SAMN16801849,346
SAMN16801848,347
SAMN16801847,348
SAMN16801846,349
SAMN16801845,350
SAMN16801844,351
SAMN16801843,352
SAMN15869409,353
SAMN14930143,354
SAMN14930142,355
SAMN14930141,356
SAMN14930140,357
SAMN14930137,358
SAMN14930136,359
SAMN14930135,360
SAMN14930134,361
SAMN14930132,362
SAMN14930131,363
SAMN14930128,364
SAMN14930127,365
SAMN14930126,366
SAMN14593100,367
SAMN14593099,368
SAMN14593098,369
SAMN14593097,370
SAMN14593096,371
SAMN14593095,372
SAMN14593093,373
SAMN14593092,374
SAMN14593091,375
SAMN14593090,376
SAMN14593088,377
SAMN14593087,378
SAMN14593086,379
SAMN14593085,380
SAMN14593083,381
SAMN14593082,382
SAMN14593078,383
SAMN14593075,384
SAMN14589656,385
SAMN14080455,386
SAMN13950474,387
SAMN13950473,388
SAMN13950472,389
SAMN12783508,390
SAMN12783506,391
SAMN12783504,392
SAMN12783503,393
SAMN12783502,394
SAMN12783501,395
SAMN12783500,396
SAMN12783499,397
SAMN12783498,398
SAMN12783497,399
SAMN12783496,400
SAMN12783494,401
SAMN12783493,402
SAMN12783492,403
SAMN12783491,404
SAMN12783490,405
SAMN12783489,406
SAMN12783488,407
SAMN12783487,408
SAMN12783486,409
SAMN12783485,410
SAMN12783483,411
SAMN12783482,412
SAMN12783481,413
SAMN12783476,414
SAMN12783475,415
SAMN12783474,416
SAMN12783471,417
SAMN12783470,418
SAMN12783469,419
SAMN12783468,420
SAMN12783467,421
SAMN12783466,422
SAMN12687798,423
SAMN12011851,424
SAMN12011850,425
SAMN12011849,426
SAMN12011848,427
SAMN12011847,428
SAMN12011846,429
SAMN12011845,430
SAMN12011844,431
SAMN12011843,432
SAMN12011842,433
SAMN12011841,434
SAMN12011840,435
SAMN12011839,436
SAMN12011837,437
SAMN12011836,438
SAMN12011835,439
SAMN12011834,440
SAMN12011833,441
SAMN12011832,442
SAMN12011829,443
SAMN12011828,444
SAMN12011825,445
SAMN12011823,446
SAMN12011822,447
SAMN12011821,448
SAMN12011820,449
SAMN12011819,450
SAMN12011818,451
SAMN12011817,452
SAMN12011816,453
SAMN12011815,454
SAMN12011814,455
SAMN12011813,456
SAMN12011812,457
SAMN12011811,458
SAMN12011810,459
SAMN12011809,460
SAMN12011808,461
SAMN12011807,462
SAMN12011806,463
SAMN12011805,464
SAMN12011804,465
SAMN12011803,466
SAMN12011802,467
SAMN12011801,468
SAMN12011800,469
SAMN12011799,470
SAMN11557456,471
SAMN10919737,472
SAMN10919736,473
SAMN10919735,474
SAMN10919734,475
SAMN10919733,476
SAMN10919732,477
SAMN10919731,478
SAMN10919730,479
SAMN10919729,480
SAMN10919728,481
SAMN10919727,482
SAMN10919726,483
SAMN10919725,484
SAMN10919724,485
SAMN10919723,486
SAMN10919722,487
SAMN10919721,488
SAMN10919720,489
SAMN10919718,490
SAMN10919717,491
SAMN10919716,492
SAMN10919715,493
SAMN10919714,494
SAMN10881974,495
SAMN10881970,496
SAMN10881969,497
SAMN10881966,498
SAMN10881961,499
SAMN10881960,500
SAMN10881959,501
SAMN10881958,502
SAMN10881957,503
SAMN10881954,504
SAMN10881953,505
SAMN10881952,506
SAMN10881951,507
SAMN10881950,508
SAMN10881949,509
SAMN10881948,510
SAMN10881944,511
SAMN10881942,512
SAMN10881941,513
SAMN10881940,514
SAMN10881939,515
SAMN10715452,516
SAMN10715451,517
SAMN10715450,518
SAMN10715449,519
SAMN10715423,520
SAMN10715326,521
SAMN10715324,522
SAMN10715320,523
SAMN10663175,524
SAMN10663081,525
SAMN10461767,526
SAMN10419332,527
SAMN10419331,528
SAMN10419325,529
SAMN10345082,530
SAMN10345067,531
SAMN10345066,532
SAMN10345058,533
SAMN10345057,534
SAMN10343314,535
SAMN10343313,536
SAMN10341953,537
SAMN10341952,538
SAMN10341950,539
SAMN10341949,540
SAMN10341930,541
SAMN10341928,542
SAMN10341925,543
SAMN10341924,544
SAMN10341923,545
SAMN10340847,546
SAMN10340844,547
SAMN10340843,548
SAMN10340743,549
SAMN10340305,550
SAMN10340303,551
SAMN10340302,552
SAMN10340299,553
SAMN10340297,554
SAMN10340296,555
SAMN10339391,556
SAMN10339357,557
SAMN10339337,558
SAMN10339222,559
SAMN10339086,560
SAMN10339078,561
SAMN10339077,562
SAMN10339072,563
SAMN10339071,564
SAMN10339070,565
SAMN10339069,566
SAMN10339068,567
SAMN10339055,568
SAMN10339053,569
SAMN10339052,570
SAMN10339050,571
SAMN10339048,572
SAMN10339043,573
SAMN10339042,574
SAMN10339040,575
SAMN10339038,576
SAMN10339037,577
SAMN10339012,578
SAMN10339003,579
SAMN10339002,580
SAMN10338999,581
SAMN10338998,582
SAMN10338997,583
SAMN10338996,584
SAMN10338992,585
SAMN10338988,586
SAMN10338987,587
SAMN10338986,588
SAMN10338985,589
SAMN10338977,590
SAMN10338976,591
SAMN10338975,592
SAMN10338974,593
SAMN10338973,594
SAMN10338971,595
SAMN10338969,596
SAMN10335797,597
SAMN10335796,598
SAMN10335794,599
SAMN10335793,600
SAMN10335792,601
SAMN10335791,602
SAMN10335790,603
SAMN10335789,604
SAMN10335788,605
SAMN10335787,606
SAMN10335785,607
SAMN10335784,608
SAMN10335783,609
SAMN10335782,610
SAMN10335781,611
SAMN10335780,612
SAMN10335779,613
SAMN10335777,614
SAMN10335776,615
SAMN10335775,616
SAMN10335773,617
SAMN10335771,618
SAMN10335770,619
SAMN10335769,620
SAMN10335768,621
SAMN10335735,622
SAMN10335732,623
SAMN10335730,624
SAMN10335715,625
SAMN10335714,626
SAMN10335713,627
SAMN10335712,628
SAMN10335711,629
SAMN10335710,630
SAMN10335708,631
SAMN10335707,632
SAMN10334430,633
SAMN10334313,634
SAMN10334310,635
SAMN10334308,636
SAMN10334307,637
SAMN10182326,638
SAMN10181238,639
SAMN10053819,640
SAMN10053739,641
SAMN10053719,642
SAMN10053622,643
SAMN10053562,644
SAMN10053532,645
SAMN10053472,646
SAMN10053419,647
SAMN10053382,648
SAMN09935061,649
SAMN09935049,650
SAMN08999430,651
SAMN08999428,652
SAMN08999427,653
SAMN08999426,654
SAMN08999425,655
SAMN08999424,656
SAMN08999423,657
SAMN08999422,658
SAMN08999421,659
SAMN08999420,660
SAMN08999419,661
SAMN08999418,662
SAMN08999417,663
SAMN08999416,664
SAMN08999415,665
SAMN08999414,666
SAMN08999413,667
SAMN08999412,668
SAMN08999411,669
SAMN08999410,670
SAMN08999409,671
SAMN08999408,672
SAMN08999407,673
SAMN08999406,674
SAMN08999405,675
SAMN08999404,676
SAMN08999403,677
SAMN08999402,678
SAMN08999401,679
SAMN08999400,680
SAMN08999399,681
SAMN08999398,682
SAMN08981274,683
SAMN08981269,684
SAMN08981268,685
SAMN08981267,686
SAMN08981263,687
SAMN08981262,688
SAMN08981261,689
SAMN08981260,690
SAMN08981259,691
SAMN08981258,692
SAMN08981257,693
SAMN08981256,694
SAMN08920036,695
SAMN08920035,696
SAMN08866533,697
SAMN08866532,698
SAMN08866531,699
SAMN08866530,700
SAMN08866529,701
SAMN08866528,702
SAMN08866527,703
SAMN08866526,704
SAMN08866525,705
SAMN08866524,706
SAMN08866523,707
SAMN08866522,708
SAMN08866521,709
SAMN08866520,710
SAMN08866519,711
SAMN08866518,712
SAMN08866517,713
SAMN08866516,714
SAMN08866514,715
SAMN08866513,716
SAMN08866512,717
SAMN08866509,718
SAMN08866508,719
SAMN08866507,720
SAMN08866506,721
SAMN08866504,722
SAMN08866503,723
SAMN08866502,724
SAMN08866501,725
SAMN08866500,726
SAMN08866499,727
SAMN08866498,728
SAMN08866497,729
SAMN08866496,730
SAMN08866495,731
SAMN08866494,732
SAMN08866493,733
SAMN08866492,734
SAMN08866491,735
SAMN08381307,736
SAMN08381303,737
SAMN08381302,738
SAMN08381301,739
SAMN08381300,740
SAMN08381299,741
SAMN08381297,742
SAMN08381295,743
SAMN08381294,744
SAMN08381288,745
SAMN08381287,746
SAMN08381284,747
SAMN08381277,748
SAMN08381266,749
SAMN08381265,750
SAMN08381262,751
SAMN08381260,752
SAMN08381259,753
SAMN08381254,754
SAMN08381252,755
SAMN08381251,756
SAMN08381250,757
SAMN08381249,758
SAMN08381248,759
SAMN08381246,760
SAMN08381245,761
SAMN08381244,762
SAMN08381243,763
SAMN08381242,764
SAMN08381240,765
SAMN08381239,766
SAMN08381238,767
SAMN08381236,768
SAMN08381235,769
SAMN08381234,770
SAMN08381233,771
SAMN08381232,772
SAMN08381228,773
SAMN08381227,774
SAMN08381226,775
SAMN08381225,776
SAMN08381224,777
SAMN08381223,778
SAMN08381220,779
SAMN08381219,780
SAMN08381217,781
SAMN08381216,782
SAMN08381215,783
SAMN08381214,784
SAMN08381213,785
SAMN08381211,786
SAMN08381210,787
SAMN08381209,788
SAMN08381208,789
SAMN08381207,790
SAMN08381206,791
SAMN08381205,792
SAMN08381204,793
SAMN08381203,794
SAMN08381202,795
SAMN08195713,796
SAMN08093284,797
SAMN08093283,798
SAMN08093282,799
SAMN08093281,800
SAMN08093280,801
SAMN08093279,802
SAMN08093278,803
SAMN08093277,804
SAMN08093276,805
SAMN08093275,806
SAMN08093274,807
SAMN08093273,808
SAMN08093272,809
SAMN08093271,810
SAMN08093270,811
SAMN08093269,812
SAMN08093268,813
SAMN08093267,814
SAMN08093266,815
SAMN08093265,816
SAMN08093264,817
SAMN08093263,818
SAMN08093260,819
SAMN08093259,820
SAMN08093258,821
SAMN08093257,822
SAMN08093256,823
SAMN08093255,824
SAMN08093253,825
SAMN08093252,826
SAMN08093251,827
SAMN08093250,828
SAMN08093248,829
SAMN08093247,830
SAMN08093246,831
SAMN08093245,832
SAMN08093244,833
SAMN08093243,834
SAMN08055037,835
SAMN08055036,836
SAMN08055035,837
SAMN08055034,838
SAMN08055033,839
SAMN08055031,840
SAMN07540335,841
SAMN07540334,842
SAMN07540333,843
SAMN07540332,844
SAMN07540331,845
SAMN07540330,846
SAMN07540329,847
SAMN07540328,848
SAMN07338981,849
SAMN06504483,850
SAMN06504482,851
SAMN06504481,852
SAMN06504480,853
SAMN06504478,854
SAMN06504476,855
SAMN06504475,856
SAMN06329620,857
SAMN06329614,858
SAMN06329602,859
SAMN06329599,860
SAMN06329598,861
SAMN06329597,862
SAMN06329596,863
SAMN06329595,864
SAMN06329592,865
SAMN06329591,866
SAMN06329590,867
SAMN06329589,868
SAMN06329588,869
SAMN06329587,870
SAMN06329586,871
SAMN06329585,872
SAMN06329583,873
SAMN06329582,874
SAMN06329580,875
SAMN06329579,876
SAMN06329578,877
SAMN06329577,878
SAMN06329576,879
SAMN06329575,880
SAMN06329574,881
SAMN06329573,882
SAMN06329572,883
SAMN06329571,884
SAMN06329570,885
SAMN06329568,886
SAMN06329567,887
SAMN06329566,888
SAMN06329565,889
SAMN06329564,890
SAMN06329563,891
SAMN06329562,892
SAMN06329561,893
SAMN06329560,894
SAMN06329559,895
SAMN06329558,896
SAMN06329557,897
SAMN06329556,898
SAMN06329555,899
SAMN06329554,900
SAMN06329553,901
SAMN06329552,902
SAMN06329551,903
SAMN06329550,904
SAMN06329549,905
SAMN06329548,906
SAMN06329547,907
SAMN06329546,908
SAMN06329545,909
SAMN06329544,910
SAMN06329543,911
SAMN06329542,912
SAMN06329541,913
SAMN06329540,914
SAMN06329539,915
SAMN06329538,916
SAMN06329536,917
SAMN06329535,918
SAMN06329534,919
SAMN06329533,920
SAMN06329532,921
SAMN06329531,922
SAMN06329530,923
SAMN06329529,924
SAMN06329528,925
SAMN06329527,926
SAMN06329526,927
SAMN06329525,928
SAMN06329524,929
SAMN06329523,930
SAMN06329522,931
SAMN06329521,932
SAMN06329520,933
SAMN06329519,934
SAMN06329518,935
SAMN06329517,936
SAMN06329516,937
SAMN06329515,938
SAMN06329514,939
SAMN06329513,940
SAMN06329511,941
SAMN06329510,942
SAMN06329509,943
SAMN06329508,944
SAMN06329507,945
SAMN06329506,946
SAMN06329505,947
SAMN06329504,948
SAMN06329503,949
SAMN06329502,950
SAMN06329501,951
SAMN06329500,952
SAMN06329499,953
SAMN06329498,954
SAMN06329497,955
SAMN06329496,956
SAMN06329495,957
SAMN06329494,958
SAMN06329493,959
SAMN06329492,960
SAMN06329491,961
SAMN06329490,962
SAMN06329489,963
SAMN06329488,964
SAMN06329487,965
SAMN06329486,966
SAMN06329485,967
SAMN06329484,968
SAMN06329483,969
SAMN06329482,970
SAMN06329481,971
SAMN06329480,972
SAMN06329479,973
SAMN06329478,974
SAMN06329477,975
SAMN06329476,976
SAMN06329475,977
SAMN06329474,978
SAMN06329473,979
SAMN06329472,980
SAMN06329471,981
SAMN06329470,982
SAMN06329469,983
SAMN06329468,984
SAMN06329467,985
SAMN06329466,986
SAMN06329465,987
SAMN06329464,988
SAMN06329463,989
SAMN06329460,990
SAMN06329457,991
SAMN06329456,992
SAMN06329452,993
SAMN06329449,994
SAMN06329448,995
SAMN06251192,996
SAMN06251163,997
SAMN06251160,998
SAMN06251087,999
SAMN06250733,1000
SAMN06250692,1001
SAMN06250661,1002
SAMN06246899,1003
SAMN06246878,1004
SAMN06246771,1005
SAMN06246757,1006
SAMN06210232,1007
SAMN06187457,1008
SAMN06187454,1009
SAMN06187453,1010
SAMN06187451,1011
SAMN05827485,1012
SAMN05804677,1013
SAMN05804594,1014
SAMN05791070,1015
SAMN05771045,1016
SAMN05569592,1017
SAMN05569591,1018
SAMN05569589,1019
SAMN05569588,1020
SAMN05569585,1021
SAMN05569584,1022
SAMN05569583,1023
SAMN05569582,1024
SAMN05569581,1025
SAMN05569580,1026
SAMN05569577,1027
SAMN05569573,1028
SAMN05569571,1029
SAMN05569569,1030
SAMN05569566,1031
SAMN05569565,1032
SAMN05569560,1033
SAMN05410759,1034
SAMN05410754,1035
SAMN05410752,1036
SAMN05410748,1037
SAMN05410739,1038
SAMN05410733,1039
SAMN05410719,1040
SAMN05410718,1041
SAMN05410712,1042
SAMN05410682,1043
SAMN05410653,1044
SAMN05410639,1045
SAMN05410635,1046
SAMN05410630,1047
SAMN05410628,1048
SAMN05410617,1049
SAMN05410616,1050
SAMN05410613,1051
SAMN05410611,1052
SAMN05410610,1053
SAMN05410598,1054
SAMN05410597,1055
SAMN05410596,1056
SAMN05410595,1057
SAMN05410593,1058
SAMN05410592,1059
SAMN05410589,1060
SAMN05410584,1061
SAMN05410579,1062
SAMN05410328,1063
SAMN05408392,1064
SAMN05408387,1065
SAMN05408386,1066
SAMN05408284,1067
SAMN05408006,1068
SAMN05408004,1069
SAMN05408003,1070
SAMN05407987,1071
SAMN05407986,1072
SAMN05407975,1073
SAMN05407971,1074
SAMN05406444,1075
SAMN05402748,1076
SAMN05400733,1077
SAMN05397823,1078
SAMN05393172,1079
SAMN05393170,1080
SAMN05393166,1081
SAMN04530917,1082
SAMN04530915,1083
SAMN04530909,1084
SAMN04530889,1085
SAMN04530866,1086
SAMN04530837,1087
SAMN04530614,1088
SAMN04530612,1089
SAMN04530611,1090
SAMN04530602,1091
SAMN04530600,1092
SAMN04530593,1093
SAMN04530591,1094
SAMN04530559,1095
SAMN04159436,1096
SAMN04159417,1097
SAMN04159416,1098
SAMN04158526,1099
SAMN04158508,1100
SAMN04155895,1101
SAMN04155894,1102
SAMN04155893,1103
SAMN04155892,1104
SAMN04155890,1105
SAMN04155883,1106
SAMN04155686,1107
SAMN04155651,1108
SAMN04153078,1109
SAMN04076429,1110
SAMN04011955,1111
SAMN04011954,1112
SAMN04011953,1113
SAMN03784711,1114
SAMN03780459,1115
SAMN03777286,1116
SAMN03776166,1117
SAMN03776162,1118
SAMN03776161,1119
SAMN03776159,1120
SAMN03776042,1121
SAMN03776040,1122
SAMN03774876,1123
SAMN03774847,1124
SAMN03774844,1125
SAMN03770940,1126
SAMN03770843,1127
SAMN03154060,1128
SAMN03153600,1129
SAMN03153534,1130
SAMN03153510,1131
SAMN03153477,1132
SAMN03153403,1133
SAMN03151520,1134
SAMN03145759,1135
SAMN03145647,1136
SAMN03144736,1137
SAMN03013095,1138
SAMN03013094,1139
SAMN03009498,1140
SAMN03009497,1141
SAMN02978810,1142
SAMN02978809,1143
SAMN02866191,1144
SAMN02769478,1145
SAMN02731784,1146
SAMN02731783,1147
SAMN02731780,1148
SAMN02731779,1149
SAMN02731778,1150
SAMN02709548,1151
SAMN02709546,1152
SAMN02709545,1153
SAMN02709543,1154
SAMN02709542,1155
SAMN02709539,1156
SAMN02709535,1157
SAMN02709534,1158
SAMN02709523,1159
SAMN02709522,1160
SAMN02604324,1161
SAMN02604323,1162
SAMN02604322,1163
SAMN02604321,1164
SAMN02604320,1165
SAMN02604318,1166
SAMN02604311,1167
SAMN02603357,1168
SAMN02603300,1169
SAMN02603200,1170
SAMN02603197,1171
SAMN02603196,1172
SAMN02603193,1173
SAMN02603026,1174
SAMN02603025,1175
SAMN02603024,1176
SAMN02603023,1177
SAMN02597453,1178
SAMN02597427,1179
SAMN02471804,1180
SAMN02471803,1181
SAMN02471800,1182
SAMN02471799,1183
SAMN02471798,1184
SAMN02471796,1185
SAMN02471794,1186
SAMN02470490,1187
SAMN02470489,1188
SAMN02470488,1189
SAMN02470470,1190
SAMN02470469,1191
SAMN02470449,1192
SAMN02469502,1193
SAMN02469501,1194
SAMN02469499,1195
SAMN02469498,1196
SAMN02436927,1197
SAMN02436926,1198
SAMN02436925,1199
SAMN02436920,1200
SAMN02436919,1201
SAMN02436917,1202
SAMN02436859,1203
SAMN02436858,1204
SAMN02436857,1205
SAMN02436855,1206
SAMN02436854,1207
SAMN02436848,1208
SAMN02436847,1209
SAMN02436846,1210
SAMN02436844,1211
SAMN02436843,1212
SAMN02436842,1213
SAMN02436822,1214
SAMN02436793,1215
SAMN02436792,1216
SAMN02436790,1217
SAMN02436789,1218
SAMN02436787,1219
SAMN02436785,1220
SAMN02436701,1221
SAMN02436698,1222
SAMN02436697,1223
SAMN02436696,1224
SAMN02436695,1225
SAMN02436692,1226
SAMN02436691,1227
SAMN02356207,1228
SAMN02355411,1229
SAMN02230279,1230
SAMN02230273,1231
SAMN02230272,1232
SAMN02230271,1233
SAMN02230270,1234
SAMN02214239,1235
SAMN02214238,1236
SAMN02214237,1237
SAMN01178408,1238
SAMN01178407,1239
SAMN01178406,1240
SAMN01178405,1241
SAMN01178404,1242
SAMN00997713,1243
SAMN00997711,1244
SAMN00997710,1245
SAMN00997709,1246
SAMN00997708,1247
SAMN00997707,1248
SAMN00997706,1249
SAMN00996486,1250
SAMN00996400,1251
SAMN00996399,1252
SAMN00996398,1253
SAMN00996397,1254
SAMN00996396,1255
SAMN00996395,1256
SAMN00996394,1257
SAMN00996393,1258
SAMN00996392,1259
SAMN00778917,1260
SAMN00778916,1261
SAMN00778915,1262
SAMN00778914,1263
SAMN00778912,1264
SAMN00778911,1265
SAMN00778909,1266
SAMN00778907,1267
SAMN00778906,1268
SAMN00778904,1269
SAMN00778902,1270
SAMN00778898,1271
SAMN00778896,1272
SAMN00778893,1273
SAMN00778891,1274
SAMN00778890,1275
SAMN00778888,1276
SAMN00778887,1277
SAMN00778881,1278
SAMN00778876,1279
SAMN00778873,1280
SAMN00778872,1281
SAMN00778871,1282
SAMN00778869,1283
SAMN00778868,1284
SAMN00778867,1285
SAMN00778866,1286
SAMN00778865,1287
SAMN00778864,1288
SAMN00778863,1289
SAMN00778862,1290
SAMN00778861,1291
SAMN00778859,1292
SAMN00778858,1293
SAMN00778857,1294
SAMN00778856,1295
SAMN00778855,1296
SAMN00778854,1297
SAMN00778853,1298
SAMN00778852,1299
SAMN00778851,1300
SAMN00778850,1301
SAMN00777291,1302
SAMN00777290,1303
SAMN00777289,1304
SAMN00777288,1305
SAMN00777287,1306
SAMN00777286,1307
SAMN00777285,1308
SAMN00777284,1309
SAMN00777283,1310
SAMN00777263,1311
SAMN00777167,1312
SAMN00777164,1313
SAMN00777159,1314
SAMN00777156,1315
SAMN00003101,1316
SAMEA6786608,1317
SAMEA6786607,1318
SAMEA6786605,1319
SAMEA6786602,1320
SAMEA6786601,1321
SAMEA6786594,1322
SAMEA6786593,1323
SAMEA6786591,1324
SAMEA6786590,1325
SAMEA6786588,1326
SAMEA6786583,1327
SAMEA6786580,1328
SAMEA6786574,1329
SAMEA6786571,1330
SAMEA6786563,1331
SAMEA6786562,1332
SAMEA6623804,1333
SAMEA3138964,1334
SAMEA3138963,1335
SAMEA3138960,1336
SAMEA3138296,1337
SAMEA2272704,1338
SAMEA2272629,1339
SAMEA2272590,1340
SAMEA2272477,1341
SAMEA2272409,1342
SAMEA2272366,1343
SAMEA2272234,1344
SAMEA2272201,1345
SAMEA2272190,1346
SAMEA2272097,1347
SAMEA2272079,1348
SAMEA2272038,1349
SAMEA2272031,1350
SAMEA2272011,1351
SAMEA2271968,1352
SAMEA2240923,1353
SAMEA104224782,1354
SAMEA104224781,1355
SAMEA104224776,1356
SAMEA104210750,1357
SAMD00392802,1358
SAMD00392801,1359
SAMD00392800,1360
SAMD00392799,1361
SAMD00296812,1362
SAMD00255630,1363
SAMD00255629,1364
SAMD00255628,1365
SAMD00255627,1366
SAMD00255626,1367
SAMD00255625,1368
SAMD00255624,1369
SAMD00255623,1370
SAMD00255622,1371
SAMD00255621,1372
SAMD00255620,1373
SAMD00255619,1374
SAMD00255618,1375
SAMD00255616,1376
SAMD00255615,1377
SAMD00255614,1378
SAMD00255613,1379
SAMD00255612,1380
SAMD00255611,1381
SAMD00255610,1382
SAMD00255607,1383
SAMD00255606,1384
SAMD00255605,1385
SAMD00255604,1386
SAMD00255603,1387
SAMD00255602,1388
SAMD00255600,1389
SAMD00255599,1390
SAMD00255597,1391
SAMD00255595,1392
SAMD00255593,1393
SAMD00255592,1394
SAMD00255591,1395
SAMD00255588,1396
SAMD00255587,1397
SAMD00255586,1398
SAMD00255585,1399
SAMD00255584,1400
SAMD00255583,1401
SAMD00255581,1402
SAMD00255580,1403
SAMD00255576,1404
SAMD00255574,1405
SAMD00255572,1406
SAMD00255571,1407
SAMD00255569,1408
SAMD00255568,1409
SAMD00255567,1410
SAMD00255565,1411
SAMD00255564,1412
SAMD00255561,1413
SAMD00255560,1414
SAMD00255559,1415
SAMD00255558,1416
SAMD00255557,1417
SAMD00255555,1418
SAMD00255554,1419
SAMD00255553,1420
SAMD00255552,1421
SAMD00061057,1422
SAMD00061056,1423
SAMD00061026,1424
SAMD00060973,1425
SAMD00060972,1426
SAMD00051526,1427
SAMD00051525,1428
SAMD00051524,1429
SAMD00051523,1430
SAMD00051522,1431
SAMD00051521,1432
SAMD00051520,1433
SAMD00051519,1434
SAMD00051518,1435
SAMD00051513,1436
SAMD00042489,1437
SAMD00042488,1438
SAMD00042487,1439
SAMD00042486,1440
SAMD00042485,1441
SAMD00042484,1442
SAMD00042481,1443
SAMD00042479,1444
SAMD00042478,1445
SAMD00042476,1446
SAMD00042475,1447
SAMD00042468,1448
SAMD00042466,1449
SAMD00042465,1450
SAMD00042464,1451
SAMD00041250,1452
SAMD00041249,1453
SAMD00041248,1454
SAMD00041247,1455
SAMD00041246,1456
SAMD00019970,1457
SAMD00019958,1458
SAMD00019956,1459
SAMD00012637,1460
SAMD00012633,1461
SAMD00012627,1462
SAMD00012626,1463
SAMD00012625,1464
SAMD00012623,1465
SAMD00012622,1466
SAMD00012621,1467
SAMD00012618,1468
HEL_AA7389AA_AS,1469
HEL_AA7388AA_AS,1470
HEL_AA7373AA_AS,1471
HEL_AA7367AA_AS,1472
HEL_AA7365AA_AS,1473
HEL_AA7362AA_AS,1474
HEL_AA7357AA_AS,1475
HEL_AA7352AA_AS,1476
HEL_AA7343AA_AS,1477
HEL_AA7342AA_AS,1478
HEL_AA7340AA_AS,1479
HEL_AA7339AA_AS,1480
HEL_AA7337AA_AS,1481
HEL_AA7317AA_AS,1482
HEL_AA7311AA_AS,1483
HEL_AA7297AA_AS,1484
HEL_AA7295AA_AS,1485
HEL_AA7284AA_AS,1486
HEL_AA7283AA_AS,1487
HEL_AA7282AA_AS,1488
HEL_AA7274AA_AS,1489
HEL_AA7269AA_AS,1490
HEL_AA7264AA_AS,1491
HEL_AA7252AA_AS,1492
HEL_AA7250AA_AS,1493
HEL_AA7249AA_AS,1494
HEL_AA7247AA_AS,1495
HEL_AA7246AA_AS,1496
HEL_AA7242AA_AS,1497
HEL_AA7226AA_AS,1498
HEL_AA7224AA_AS,1499
HEL_AA7222AA_AS,1500
HEL_AA7221AA_AS,1501
HEL_AA7220AA_AS,1502
HEL_AA7214AA_AS,1503
HEL_AA7212AA_AS,1504
HEL_AA7206AA_AS,1505
HEL_AA7204AA_AS,1506
HEL_AA6091AA_AS,1507
HEL_AA6089AA_AS,1508
HEL_AA6081AA_AS,1509
HEL_AA6080AA_AS,1510
HEL_AA6074AA_AS,1511
HEL_AA6060AA_AS,1512
HEL_AA6057AA_AS,1513
HEL_AA6049AA_AS,1514
HEL_AA6039AA_AS,1515
HEL_AA6035AA_AS,1516
HEL_AA6034AA_AS,1517
HEL_AA6015AA_AS,1518
HEL_AA6014AA_AS,1519
HEL_AA5995AA_AS,1520
HEL_AA5991AA_AS,1521
HEL_AA5967AA_AS,1522
HEL_AA5963AA_AS,1523
HEL_AA5961AA_AS,1524
HEL_AA5960AA_AS,1525
HEL_AA5959AA_AS,1526
HEL_AA5958AA_AS,1527
HEL_AA5957AA_AS,1528
HEL_AA5950AA_AS,1529
HEL_AA5949AA_AS,1530
HEL_AA5947AA_AS,1531
HEL_AA5945AA_AS,1532
HEL_AA5934AA_AS,1533
HEL_AA5933AA_AS,1534
HEL_AA5921AA_AS,1535
HEL_AA5920AA_AS,1536
HEL_AA5917AA_AS,1537
